name,salary,email
Levi Ackerman,98000,levi.ackerman@example.com
Eren Yeager,87000,eren.yeager@example.com
Mikasa Ackerman,92000,mikasa.ackerman@example.com
Tuan Lai,15000,tuan.lai@example.com
Armin Arlert,76000,armin.arlert@example.com
John Smith,55000,john.smith@example.com
Emily Johnson,62000,emily.johnson@example.com
Michael Brown,58000,michael.brown@example.com
Sarah Davis,64000,sarah.davis@example.com
David Wilson,71000,david.wilson@example.com
Laura Martinez,69000,laura.martinez@example.com
Daniel Anderson,73000,daniel.anderson@example.com
Sophia Taylor,68000,sophia.taylor@example.com
James Thomas,72000,james.thomas@example.com
Olivia Moore,66000,olivia.moore@example.com
Robert Jackson,75000,robert.jackson@example.com
Emma White,61000,emma.white@example.com
William Harris,78000,william.harris@example.com
Ava Martin,59000,ava.martin@example.com
Joseph Thompson,80000,joseph.thompson@example.com
Isabella Garcia,70000,isabella.garcia@example.com
Christopher Martinez,82000,christopher.martinez@example.com
Mia Robinson,63000,mia.robinson@example.com
Matthew Clark,76000,matthew.clark@example.com
Charlotte Rodriguez,68000,charlotte.rodriguez@example.com
Anthony Lewis,74000,anthony.lewis@example.com
Amelia Lee,65000,amelia.lee@example.com
Joshua Walker,79000,joshua.walker@example.com
Harper Hall,60000,harper.hall@example.com
Andrew Allen,77000,andrew.allen@example.com
Evelyn Young,62000,evelyn.young@example.com
Ryan Hernandez,81000,ryan.hernandez@example.com
Abigail King,64000,abigail.king@example.com
Nathan Wright,83000,nathan.wright@example.com
Ella Lopez,67000,ella.lopez@example.com
Christian Hill,75000,christian.hill@example.com
Grace Scott,61000,grace.scott@example.com
Jonathan Green,78000,jonathan.green@example.com
Chloe Adams,66000,chloe.adams@example.com
Benjamin Baker,82000,benjamin.baker@example.com
Lily Gonzalez,69000,lily.gonzalez@example.com
Samuel Nelson,74000,samuel.nelson@example.com
Hannah Carter,63000,hannah.carter@example.com
Noah Mitchell,86000,noah.mitchell@example.com
Zoey Perez,65000,zoey.perez@example.com
Logan Roberts,80000,logan.roberts@example.com
Victoria Turner,70000,victoria.turner@example.com
Elijah Phillips,88000,elijah.phillips@example.com
Natalie Campbell,68000,natalie.campbell@example.com
Aaron Parker,76000,aaron.parker@example.com
Samantha Evans,64000,samantha.evans@example.com
Isaac Edwards,83000,isaac.edwards@example.com
Penelope Collins,67000,penelope.collins@example.com
Owen Stewart,79000,owen.stewart@example.com
Layla Sanchez,66000,layla.sanchez@example.com
Caleb Morris,81000,caleb.morris@example.com
Riley Rogers,62000,riley.rogers@example.com
Luke Reed,74000,luke.reed@example.com
Stella Cook,63000,stella.cook@example.com
Dylan Morgan,77000,dylan.morgan@example.com
Paisley Bell,65000,paisley.bell@example.com
Hunter Murphy,80000,hunter.murphy@example.com
Audrey Bailey,69000,audrey.bailey@example.com
Julian Rivera,82000,julian.rivera@example.com
Claire Cooper,64000,claire.cooper@example.com
Thomas Richardson,85000,thomas.richardson@example.com
Lucy Cox,61000,lucy.cox@example.com
Charles Howard,78000,charles.howard@example.com
Anna Ward,63000,anna.ward@example.com
Henry Torres,83000,henry.torres@example.com
Brooklyn Peterson,66000,brooklyn.peterson@example.com
Jack Gray,75000,jack.gray@example.com
Savannah Ramirez,68000,savannah.ramirez@example.com
Sebastian James,90000,sebastian.james@example.com
Addison Watson,65000,addison.watson@example.com
Wyatt Brooks,84000,wyatt.brooks@example.com
Bella Kelly,62000,bella.kelly@example.com
Jayden Sanders,79000,jayden.sanders@example.com
Ariana Price,67000,ariana.price@example.com
Grayson Bennett,81000,grayson.bennett@example.com
Madison Wood,64000,madison.wood@example.com
Leo Barnes,76000,leo.barnes@example.com
Nora Ross,63000,nora.ross@example.com
Isaiah Henderson,88000,isaiah.henderson@example.com
Camila Coleman,69000,camila.coleman@example.com
Lincoln Jenkins,85000,lincoln.jenkins@example.com
Elena Perry,66000,elena.perry@example.com
Asher Powell,82000,asher.powell@example.com
Ruby Long,61000,ruby.long@example.com
Ethan Patterson,87000,ethan.patterson@example.com
Maya Hughes,65000,maya.hughes@example.com
Connor Flores,78000,connor.flores@example.com
Alice Washington,62000,alice.washington@example.com
Miles Butler,80000,miles.butler@example.com
Ivy Simmons,63000,ivy.simmons@example.com
Aaron Foster,74000,aaron.foster@example.com
Julia Gonzales,67000,julia.gonzales@example.com
Jason Bryant,81000,jason.bryant@example.com
Rose Alexander,65000,rose.alexander@example.com
Kevin Russell,83000,kevin.russell@example.com
Faith Griffin,64000,faith.griffin@example.com
Brandon Diaz,78000,brandon.diaz@example.com
Luna Hayes,66000,luna.hayes@example.com
Paul Myers,72000,paul.myers@example.com
Naomi Ford,63000,naomi.ford@example.com
Zachary Hamilton,88000,zachary.hamilton@example.com
Melanie Graham,69000,melanie.graham@example.com
Ian Sullivan,76000,ian.sullivan@example.com
Kinsley Wallace,65000,kinsley.wallace@example.com
Dominic Woods,82000,dominic.woods@example.com
Cora West,62000,cora.west@example.com
Xavier Cole,85000,xavier.cole@example.com
Summer Jordan,64000,summer.jordan@example.com
Adam Owens,73000,adam.owens@example.com
Payton Reynolds,67000,payton.reynolds@example.com
